{"mbrsite://%7B%22id%22%3A351668%7D":{"assets/images/photo-1598826859769-e62543ab62b0.jpeg":"MKQjf0B/qm/ijic7PH7gtQ==","assets/images/photo-1506869640319-fe1a24fd76dc.jpeg":"M9fYokzF2EHEPm+rxU6Hrg==","assets/images/photo-1598826867442-9ef9e2527b1e.jpeg":"riVHBvdP+AnEOJQsVpbliw==","assets/images/photo-1536010447069-d2c8af80c584.jpeg":"ca6g56RfCcU2QXFzzf7k7g==","assets/images/photo-1529333166437-7750a6dd5a70.jpeg":"pfmTJJsnn1ES+ZF4BFjzvQ==","assets/images/photo-1592599457576-0c8b9c49fa2d.jpeg":"v1G6NHSDd86frkMKD4aI1g==","assets/images/photo-1610269373215-0b733db966f9.jpeg":"yiAJ5VoSAwqiwqmYx+QPhQ==","assets/images/photo-1622253543934-c3cb280f8323.jpeg":"6pmp8gmi+YadA/adn/bNjg==","assets/images/photo-1500044453905-68cffbb2278f.jpeg":"UdbzwohB6FbOQUEZ3/Lhsg==","assets/images/photo-1548964643-0765c5d29abe.jpeg":"kGiXRpHsxmHnpUAkGHOCoQ==","assets/images/photo-1642427749670-f20e2e76ed8c.jpeg":"T+NxcR9zKM7Cq/hQIygSxg==","assets/images/photo-1618005198919-d3d4b5a92ead.jpeg":"mten7NmTG/17eobd4ArMSw==","assets/images/photo-1668081177040-3d6a3eaf2218.jpeg":"lwszi19FTfiQY00D/ryFKQ==","assets/images/photo-1622547748225-3fc4abd2cca0.jpeg":"McqLH9p1or/tgpWuXlK8fg==","assets/images/photo-1604076947037-d909e2f10fca.jpeg":"HKulWO/dKB1x/LqqNsfaCw==","assets/images/photo-1617791160588-241658c0f566.jpeg":"efTxBSAz6Obq6CD50Rdnyg==","assets/images/background1.jpg":"XqStexa3ucYeWEdbgE9USg==","assets/bootstrap/css/bootstrap.min.css":"RmzWCUiyr0Tlqjt24hN4XA==","assets/bootstrap/css/bootstrap-grid.min.css":"6Gvo43+4L/kGCWNf5GNICg==","assets/bootstrap/css/bootstrap-reboot.min.css":"pXUaBlocfemX8XoPkD7mgw==","assets/bootstrap/js/bootstrap.bundle.min.js":"p/oXaGUTuIqIFWCVyXqFXQ==","assets/smoothscroll/smooth-scroll.js":"I6Cnt5FZXvE7AwxKBjLHIw==","assets/theme/css/style.css":"BGhQEfF3PBKRxlNGNLOiww==-VITbTf54ezV7Z7I/e4lZVw==","assets/ytplayer/index.js":"brlsA8x+sQLy5RqkP+hktQ==","assets/dropdown/css/style.css":"Vb8nb3PvfIj5jIp56aQkiA==","assets/dropdown/js/navbar-dropdown.js":"eR+jFVL8KABJEAcdSC/rjQ==","assets/vimeoplayer/player.js":"1EL6XYK2XbrXjlfO6vakiw==","assets/mbr-switch-arrow/mbr-switch-arrow.js":"aLMp2piT40CZx9itXLnJQA==","assets/web/assets/mobirise-icons2/mobirise2.css":"+RO7OxVtE1FsD/N7V3/ADw==","assets/web/assets/mobirise-icons2/mobirise2.eot":"B2EjryGRojlTpzr1GHt3LQ==","assets/web/assets/mobirise-icons2/mobirise2.svg":"usCYAy7QdzckfeGReb9wWQ==","assets/web/assets/mobirise-icons2/mobirise2.ttf":"VMdAr7YYQ2ab9KiUyabAGA==","assets/web/assets/mobirise-icons2/mobirise2.woff":"xY3InaTfYGp0nlCuQBMudQ==","assets/scrollgallery/scroll-gallery.js":"WS8HWWfZ2XcuN2rmo2a4Lw==","assets/socicon/css/styles.css":"HeUCXZURZ/Vb1+7ASA01Yg==","assets/socicon/fonts/socicon.eot":"MvYQV8XxgngrhGqjN3oHBw==","assets/socicon/fonts/socicon.svg":"8ZigHIRavjTam6CsRrhRhA==","assets/socicon/fonts/socicon.ttf":"IyAo3XNB2a/Q0ml3ZraPsQ==","assets/socicon/fonts/socicon.woff":"zQDjXd6bBUQi87pRsBWVqQ==","assets/socicon/fonts/socicon.woff2":"o3w8h99EHOwP99NXAoHpOQ==","assets/formoid/formoid.min.js":"WTdAU6BjuKe3AU4yIlVc1w=="}}